connector,pin,domain,net,path_nets,zynq_pad,net_inspector_total_mm,carrier_reference_total_mm,track_length_mm,via_count,via_length_mm,die_length_mm,pad_count,connected_pads,notes
J402,3,PS,OTG_DATA3,OTG_DATA3,F12,24.0515,24.0515,22.5131,2,1.5384,0.0000,2,U201.F12;J402.3,
J402,4,Config/JTAG,TDI,TDI,G6,33.5430,33.5430,32.0046,2,1.5384,0.0000,2,U201.G6;J402.4,
J402,5,PS,OTG_DATA5,OTG_DATA5,A10,23.3860,23.3860,21.8476,2,1.5384,0.0000,2,U201.A10;J402.5,
J402,6,Config/JTAG,TDO,TDO,F6,33.4415,33.4415,31.9031,2,1.5384,0.0000,2,U201.F6;J402.6,
J402,7,PS,OTG_CLK,OTG_CLK,A11,22.8722,22.8722,21.3338,2,1.5384,0.0000,2,U201.A11;J402.7,
J402,8,Config/JTAG,TMS,TMS,J6,36.2012,36.2012,34.6628,2,1.5384,0.0000,2,U201.J6;J402.8,
J402,9,PS,OTG_DATA6,OTG_DATA6,E13,24.5908,24.5908,23.0524,2,1.5384,0.0000,2,U201.E13;J402.9,
J402,10,Config/JTAG,TCK,TCK,F9,34.4557,34.4557,32.9173,2,1.5384,0.0000,2,U201.F9;J402.10,
J402,13,PS,OTG_DIR,OTG_DIR,C13,23.1948,23.1948,21.6564,2,1.5384,0.0000,2,U201.C13;J402.13,
J402,14,PS,PS_MIO47,PS_MIO47,B14,26.6540,26.6540,25.1156,2,1.5384,0.0000,2,U201.B14;J402.14,
J402,15,PS,OTG_DATA1,OTG_DATA1,D15,22.7392,22.7392,21.2008,2,1.5384,0.0000,2,U201.D15;J402.15,
J402,16,PS,PS_MIO49,PS_MIO49,C12,29.4419,29.4419,27.9035,2,1.5384,0.0000,2,U201.C12;J402.16,
J402,17,PS,OTG_STP,OTG_STP,C15,23.6819,23.6819,22.1435,2,1.5384,0.0000,2,U201.C15;J402.17,
J402,18,PS,PS_MIO27,PS_MIO27,D13,31.3419,31.3419,29.8035,2,1.5384,0.0000,2,U201.D13;J402.18,
J402,19,PS,OTG_DATA0,OTG_DATA0,A14,23.3684,23.3684,21.8300,2,1.5384,0.0000,2,U201.A14;J402.19,
J402,20,PS,PS_MIO23,PS_MIO23,D11,33.8526,33.8526,32.3142,2,1.5384,0.0000,2,U201.D11;J402.20,
J402,23,PS,OTG_DATA7,OTG_DATA7,C18,25.9201,25.9201,24.3817,2,1.5384,0.0000,2,U201.C18;J402.23,
J402,24,PS,PS_MIO21,PS_MIO21,F14,31.1343,31.1343,29.5959,2,1.5384,0.0000,2,U201.F14;J402.24,
J402,25,PS,OTG_DATA2,OTG_DATA2,A12,23.0665,23.0665,21.5281,2,1.5384,0.0000,2,U201.A12;J402.25,
J402,26,PS,PS_MIO17,PS_MIO17,E14,32.4486,32.4486,30.9102,2,1.5384,0.0000,2,U201.E14;J402.26,
J402,27,PS,OTG_NXT,OTG_NXT,E16,25.7201,25.7201,24.1817,2,1.5384,0.0000,2,U201.E16;J402.27,
J402,28,PS,PS_MIO25,PS_MIO25,F15,32.6699,32.6699,31.1315,2,1.5384,0.0000,2,U201.F15;J402.28,
J402,29,PS,OTG_DATA4,OTG_DATA4,C16,25.5061,25.5061,23.9677,2,1.5384,0.0000,2,U201.C16;J402.29,
J402,30,PS,PS_MIO19,PS_MIO19,D10,40.6493,40.6493,39.1109,2,1.5384,0.0000,2,U201.D10;J402.30,
J402,33,PS,OTG_nRST,OTG_nRST,D16,23.9272,23.9272,22.3888,2,1.5384,0.0000,2,U201.D16;J402.33,
J402,34,PS,PS_POR_B,PS_POR_B,C7,45.2190,45.2190,43.6806,2,1.5384,0.0000,2,U201.C7;J402.34,
J402,35,PS,PS_MIO53,PS_MIO53,C11,21.2515,21.2515,19.7131,2,1.5384,0.0000,2,U201.C11;J402.35,
J402,36,Config/JTAG,DONE,DONE,R11,39.0910,39.0910,36.7214,2,2.3696,0.0000,3,U201.R11;R201.2;J402.36,branched net; total includes every routed branch
J402,37,PS,PS_MIO48,PS_MIO48,B12,16.6845,16.6845,15.1461,2,1.5384,0.0000,2,U201.B12;J402.37,
J402,38,PS,SD_DATA1,SD_DATA1,A9,16.4654,16.4654,14.9270,1,1.5384,0.0000,2,U201.A9;J402.38,
J402,39,PS,PS_MIO52,PS_MIO52,C10,16.1988,16.1988,14.6603,2,1.5384,0.0000,2,U201.C10;J402.39,
J402,40,PS,SD_DATA3,SD_DATA3,B15,20.9649,20.9649,19.4265,1,1.5384,0.0000,2,U201.B15;J402.40,
J402,43,PS,PS_MIO18,PS_MIO18,B18,27.6247,27.6247,26.0863,1,1.5384,0.0000,2,U201.B18;J402.43,
J402,44,PS,SD_CMD,SD_CMD,C17,24.5302,24.5302,22.9918,1,1.5384,0.0000,2,U201.C17;J402.44,
J402,45,PS,PS_MIO16,PS_MIO16,A19,23.8285,23.8285,22.2901,1,1.5384,0.0000,2,U201.A19;J402.45,
J402,46,PS,SD_DATA2,SD_DATA2,F13,35.7699,35.7699,34.2315,1,1.5384,0.0000,2,U201.F13;J402.46,
J402,47,PS,UART_RX,UART_RX,C5,8.0976,8.0976,6.5592,1,1.5384,0.0000,2,U201.C5;J402.47,
J402,48,PS,SD_DATA0,SD_DATA0,E12,33.8456,33.8456,32.3072,1,1.5384,0.0000,2,U201.E12;J402.48,
J402,49,PS,UART_TX,UART_TX,C8,10.0683,10.0683,8.5299,1,1.5384,0.0000,2,U201.C8;J402.49,
J402,50,PS,SD_CLK,SD_CLK;Net-(U201F-PS_MIO40_501),D14,24.9918,28.3101,26.7717,1,1.5384,0.0000,4,R703.1;J402.50;U201.D14;R703.2,sum of both nets across R703; resistor body excluded
J402,53,PS,QSPI_D3_PS_MIO5,QSPI_D3_PS_MIO5,A6,17.5968,17.5968,14.5200,2,3.0768,0.0000,3,U202.7;U201.A6;J402.53,branched net; total includes every routed branch
J402,54,PL B35,PL_B35_IO14_P,PL_B35_IO14_P,J18,36.5494,36.5494,35.0110,2,1.5384,0.0000,2,U201.J18;J402.54,
J402,55,PS,QSPI_D2_PS_MIO4,QSPI_D2_PS_MIO4,B7,9.5668,9.5668,8.0284,1,1.5384,0.0000,3,U202.3;U201.B7;J402.55,branched net; total includes every routed branch
J402,56,PL B35,PL_B35_IO14_N,PL_B35_IO14_N,H18,36.2826,36.2826,34.7442,2,1.5384,0.0000,2,U201.H18;J402.56,
J402,57,PS,I2C0_SDA,I2C0_SDA,B9,7.5875,7.5875,6.0491,1,1.5384,0.0000,2,U201.B9;J402.57,
J402,58,PL B35,PL_B35_IO11_P,PL_B35_IO11_P,L16,35.9842,35.9842,34.4458,2,1.5384,0.0000,2,U201.L16;J402.58,
J402,59,PS,I2C0_SCL,I2C0_SCL,B13,10.2096,10.2096,8.6712,1,1.5384,0.0000,2,U201.B13;J402.59,
J402,60,PL B35,PL_B35_IO11_N,PL_B35_IO11_N,L17,35.9842,35.9842,34.4458,2,1.5384,0.0000,2,U201.L17;J402.60,
J402,63,PS,PS_MIO26,PS_MIO26,A15,9.6935,9.6935,8.1551,1,1.5384,0.0000,2,U201.A15;J402.63,
J402,64,PL B35,PL_B35_IO7_P,PL_B35_IO7_P,M19,35.9937,35.9937,34.4553,2,1.5384,0.0000,2,U201.M19;J402.64,
J402,65,PS,PS_MIO24,PS_MIO24,A16,9.7824,9.7824,8.2440,1,1.5384,0.0000,2,U201.A16;J402.65,
J402,66,PL B35,PL_B35_IO7_N,PL_B35_IO7_N,M20,35.9937,35.9937,34.4553,2,1.5384,0.0000,2,U201.M20;J402.66,
J402,67,PS,PS_MIO20,PS_MIO20,A17,15.8331,15.8331,14.2947,1,1.5384,0.0000,2,U201.A17;J402.67,
J402,68,PL B35,PL_B35_IO9_P,PL_B35_IO9_P,L19,35.3043,35.3043,33.7659,2,1.5384,0.0000,2,U201.L19;J402.68,
J402,69,PS,PS_MIO22,PS_MIO22,B17,10.0895,10.0895,8.5511,1,1.5384,0.0000,2,U201.B17;J402.69,
J402,70,PL B35,PL_B35_IO9_N,PL_B35_IO9_N,L20,35.3043,35.3043,33.7659,2,1.5384,0.0000,2,U201.L20;J402.70,
J403,3,PL B34,PL_B34_IO7_N,PL_B34_IO7_N,Y17,38.7952,38.7952,37.2568,1,1.5384,0.0000,2,U201.Y17;J403.3,
J403,4,PL B34,PL_B34_IO16_N,PL_B34_IO16_N,W20,30.7718,30.7718,29.2334,1,1.5384,0.0000,2,U201.W20;J403.4,
J403,5,PL B34,PL_B34_IO7_P,PL_B34_IO7_P,Y16,38.7952,38.7952,37.2568,1,1.5384,0.0000,2,U201.Y16;J403.5,
J403,6,PL B34,PL_B34_IO16_P,PL_B34_IO16_P,V20,30.7718,30.7718,29.2334,1,1.5384,0.0000,2,U201.V20;J403.6,
J403,9,PL B34,PL_B34_IO17_N,PL_B34_IO17_N,Y19,38.1787,38.1787,36.6403,1,1.5384,0.0000,2,U201.Y19;J403.9,
J403,10,PL B34,PL_B34_IO15_N,PL_B34_IO15_N,U20,32.0038,32.0038,30.4654,1,1.5384,0.0000,2,U201.U20;J403.10,
J403,11,PL B34,PL_B34_IO17_P,PL_B34_IO17_P,Y18,38.0117,38.0117,36.4733,1,1.5384,0.0000,2,U201.Y18;J403.11,
J403,12,PL B34,PL_B34_IO15_P,PL_B34_IO15_P,T20,32.0038,32.0038,30.4654,1,1.5384,0.0000,2,U201.T20;J403.12,
J403,15,PL B34,PL_B34_IO1_N,PL_B34_IO1_N,T10,39.3649,39.3649,37.8265,2,1.5384,0.0000,2,U201.T10;J403.15,
J403,16,PL B34,PL_B34_IO3_P,PL_B34_IO3_P,U13,22.6339,22.6339,21.0955,1,1.5384,0.0000,2,U201.U13;J403.16,
J403,17,PL B34,PL_B34_IO1_P,PL_B34_IO1_P,T11,39.4928,39.4928,37.9544,2,1.5384,0.0000,2,U201.T11;J403.17,
J403,18,PL B34,PL_B34_IO3_N,PL_B34_IO3_N,V13,22.4925,22.4925,20.9541,1,1.5384,0.0000,2,U201.V13;J403.18,
J403,21,PL B34,PL_B34_IO2_N,PL_B34_IO2_N,U12,40.0834,40.0834,38.5450,2,1.5384,0.0000,2,U201.U12;J403.21,
J403,22,PL B34,PL_B34_IO8_P,PL_B34_IO8_P,W14,20.0018,20.0018,18.4634,1,1.5384,0.0000,2,U201.W14;J403.22,
J403,23,PL B34,PL_B34_IO2_P,PL_B34_IO2_P,T12,40.0834,40.0834,38.5450,2,1.5384,0.0000,2,U201.T12;J403.23,
J403,24,PL B34,PL_B34_IO8_N,PL_B34_IO8_N,Y14,19.9867,19.9867,18.4483,1,1.5384,0.0000,2,U201.Y14;J403.24,
J403,27,PL B34,PL_B34_IO4_P,PL_B34_IO4_P,V12,39.3740,39.3740,37.7116,2,1.6624,0.0000,2,U201.V12;J403.27,
J403,28,PL B34,PL_B34_IO11_P,PL_B34_IO11_P,U14,22.4945,22.4945,20.9561,1,1.5384,0.0000,2,U201.U14;J403.28,
J403,29,PL B34,PL_B34_IO4_N,PL_B34_IO4_N,W13,39.3825,39.3825,37.7201,2,1.6624,0.0000,2,U201.W13;J403.29,
J403,30,PL B34,PL_B34_IO11_N,PL_B34_IO11_N,U15,22.3716,22.3716,20.8332,1,1.5384,0.0000,2,U201.U15;J403.30,
J403,33,PL B34,PL_B34_IO9_P,PL_B34_IO9_P,T16,44.8547,44.8547,43.1923,2,1.6624,0.0000,2,U201.T16;J403.33,
J403,34,PL B34,PL_B34_IO5_P,PL_B34_IO5_P,T14,18.9993,18.9993,17.4609,2,1.5384,0.0000,2,U201.T14;J403.34,
J403,35,PL B34,PL_B34_IO9_N,PL_B34_IO9_N,U17,44.8461,44.8461,43.1837,2,1.6624,0.0000,2,U201.U17;J403.35,
J403,36,PL B34,PL_B34_IO5_N,PL_B34_IO5_N,T15,18.9993,18.9993,17.4609,2,1.5384,0.0000,2,U201.T15;J403.36,
J403,39,PL B34,PL_B34_IO20_P,PL_B34_IO20_P,T17,38.1690,38.1690,36.6306,2,1.5384,0.0000,2,U201.T17;J403.39,
J403,40,PL B34,PL_B34_IO14_P,PL_B34_IO14_P,N20,38.0472,38.0472,36.5089,1,1.5384,0.0000,2,U201.N20;J403.40,
J403,41,PL B34,PL_B34_IO20_N,PL_B34_IO20_N,R18,38.1457,38.1457,36.6073,2,1.5384,0.0000,2,U201.R18;J403.41,
J403,42,PL B34,PL_B34_IO14_N,PL_B34_IO14_N,P20,38.0473,38.0473,36.5089,1,1.5384,0.0000,2,U201.P20;J403.42,
J403,45,PL B34,PL_B34_IO21_P,PL_B34_IO21_P,V17,31.8645,31.8645,30.3261,2,1.5384,0.0000,2,U201.V17;J403.45,
J403,46,PL B34,PL_B34_IO13_P,PL_B34_IO13_P,N18,29.8043,29.8043,28.2659,1,1.5384,0.0000,2,U201.N18;J403.46,
J403,47,PL B34,PL_B34_IO21_N,PL_B34_IO21_N,V18,32.0632,32.0632,30.5248,2,1.5384,0.0000,2,U201.V18;J403.47,
J403,48,PL B34,PL_B34_IO13_N,PL_B34_IO13_N,P19,29.7957,29.7957,28.2573,1,1.5384,0.0000,2,U201.P19;J403.48,
J403,51,PL B34,PL_B34_IO12_N,PL_B34_IO12_N,U19,31.8816,31.8816,30.3432,2,1.5384,0.0000,2,U201.U19;J403.51,
J403,52,PL B34,PL_B34_IO22_P,PL_B34_IO22_P,W18,16.7702,16.7702,15.2318,1,1.5384,0.0000,2,U201.W18;J403.52,
J403,53,PL B34,PL_B34_IO12_P,PL_B34_IO12_P,U18,32.0802,32.0802,30.5418,2,1.5384,0.0000,2,U201.U18;J403.53,
J403,54,PL B34,PL_B34_IO22_N,PL_B34_IO22_N,W19,16.7702,16.7702,15.2318,1,1.5384,0.0000,2,U201.W19;J403.54,
J403,57,PL B34,PL_B34_IO19_N,PL_B34_IO19_N,R17,32.3187,32.3187,30.7803,2,1.5384,0.0000,2,U201.R17;J403.57,
J403,58,PL B34,PL_B34_IO10_N,PL_B34_IO10_N,W15,19.5445,19.5445,18.0061,2,1.5384,0.0000,2,U201.W15;J403.58,
J403,59,PL B34,PL_B34_IO19_P,PL_B34_IO19_P,R16,32.3187,32.3187,30.7803,2,1.5384,0.0000,2,U201.R16;J403.59,
J403,60,PL B34,PL_B34_IO10_P,PL_B34_IO10_P,V15,19.5445,19.5445,18.0061,2,1.5384,0.0000,2,U201.V15;J403.60,
J403,63,PL B34,PL_B34_IO23_N,PL_B34_IO23_N,P18,32.3217,32.3217,30.7833,2,1.5384,0.0000,2,U201.P18;J403.63,
J403,64,PL B34,PL_B34_IO18_P,PL_B34_IO18_P,V16,18.8678,18.8678,17.3294,2,1.5384,0.0000,2,U201.V16;J403.64,
J403,65,PL B34,PL_B34_IO23_P,PL_B34_IO23_P,N17,32.3132,32.3132,30.7748,2,1.5384,0.0000,2,U201.N17;J403.65,
J403,66,PL B34,PL_B34_IO18_N,PL_B34_IO18_N,W16,18.9842,18.9842,17.4458,2,1.5384,0.0000,2,U201.W16;J403.66,
